id,testi
1,L'intelligenza artificiale è come un amico digitale che ci aiuta con i compiti! Mi piace quando i robot ci rendono la vita più facile.
2,Non mi piace l'intelligenza artificiale. Mi fa paura pensare che le macchine possano prendere il controllo del mondo un giorno.
3,"L'intelligenza artificiale è incredibile! Grazie a essa, possiamo scoprire nuovi mondi e fare scoperte scientifiche senza nemmeno lasciare casa."
4,Penso che l'intelligenza artificiale ci stia rendendo pigri. Dobbiamo imparare a fare le cose da soli anziché affidarci sempre alla tecnologia.
5,"L'intelligenza artificiale sta rivoluzionando il mondo della medicina. Grazie a algoritmi sofisticati, i medici possono diagnosticare malattie in modo più rapido ed efficiente, salvando così molte vite umane."
6,L'uso eccessivo dell'intelligenza artificiale potrebbe portare alla perdita di posti di lavoro per molte persone. Questo è un problema serio che la società deve affrontare.
7,L'intelligenza artificiale offre infinite possibilità nel campo dell'arte. Gli artisti possono utilizzare algoritmi per creare opere d'arte uniche e innovative che sfidano la nostra percezione tradizionale dell'estetica.
8,Mi preoccupa l'uso dell'intelligenza artificiale nei sistemi di sorveglianza. La nostra privacy è a rischio quando le macchine possono riconoscerci e monitorarci ovunque andiamo.
9,"L'intelligenza artificiale sta trasformando l'educazione. Con l'assistenza di tutori virtuali basati su IA, gli studenti possono ricevere istruzioni personalizzate e migliorare le proprie abilità in modo significativo."
10,"La corsa all'intelligenza artificiale potrebbe portare a una guerra tecnologica globale. Le nazioni potrebbero utilizzare l'IA per fini militari, mettendo così in pericolo la stabilità del mondo intero."
11,L'intelligenza artificiale è come un superpotere per i computer! Mi piace immaginare un mondo dove le macchine possono imparare come noi.
12,L'intelligenza artificiale è confusa a volte. Ho visto il mio assistente vocale fare errori e non capire le mie domande. Non credo sia così intelligente come dicono.
13,"Grazie all'intelligenza artificiale, le auto possono guidare da sole! Questo renderà le strade più sicure per tutti."
14,"L'IA può essere utile, ma può anche diventare pericolosa se finisce nelle mani sbagliate. Ho sentito storie di hacker che la usano per fare danni."
15,"L'intelligenza artificiale sta rivoluzionando l'industria del gioco. I giochi ora possono adattarsi al nostro stile di gioco, rendendoli più avvincenti ed emozionanti."
16,Mi preoccupa che l'intelligenza artificiale possa influenzare le nostre decisioni senza che ce ne accorgiamo. Questo potrebbe minare la nostra libertà di pensiero.
17,"L'IA sta contribuendo alla ricerca scientifica in modo straordinario. Può analizzare grandi quantità di dati in poco tempo, aiutandoci a fare progressi nella medicina, nell'astronomia e in molte altre discipline."
18,"L'intelligenza artificiale può portare alla disumanizzazione. Se diventiamo troppo dipendenti dalle macchine, potremmo perdere il contatto con la nostra natura umana."
19,"L'intelligenza artificiale sta trasformando il settore dell'assistenza sanitaria. Con l'analisi predittiva, i medici possono prevedere malattie e salvare vite umane in modo preventivo."
20,Mi preoccupa l'IA nel campo militare. L'uso di droni autonomi e robot da combattimento potrebbe portare a conflitti senza una vera comprensione delle conseguenze umane.
21,Ho visto un film sull'IA che si ribella all'umanità. È spaventoso pensare che un giorno le macchine potrebbero diventare così intelligenti da volersi liberare di noi.
22,L'IA sta aiutando a preservare l'ambiente. Può essere utilizzata per monitorare il cambiamento climatico e prevenire disastri naturali.
23,Sento spesso parlare di algoritmi di intelligenza artificiale che discriminano le persone. Questo solleva gravi preoccupazioni sulla giustizia e l'equità nel mondo digitale.
24,L'IA ci sta avvicinando alla realizzazione di macchine veramente intelligenti. Questo può portare a una migliore comprensione della mente umana stessa.
25,Mi chiedo se un giorno l'IA potrebbe diventare così avanzata da superare l'intelligenza umana. Questo solleva domande etiche profonde sulla nostra posizione nel cosmo.